PassengerId,Survived
1,0,0.85,0.15
2,1,0.0,1.0
3,1,0.45,0.55
4,1,0.0,1.0
5,0,0.736842105263,0.263157894737
6,0,0.777777777778,0.222222222222
7,0,0.875,0.125
8,0,1.0,0.0
9,1,0.0,1.0
10,1,0.0,1.0
11,1,0.0,1.0
12,1,0.210526315789,0.789473684211
13,0,0.736842105263,0.263157894737
14,0,1.0,0.0
15,1,0.45,0.55
16,1,0.210526315789,0.789473684211
17,0,1.0,0.0
18,0,0.714285714286,0.285714285714
19,0,0.555555555556,0.444444444444
20,1,0.206896551724,0.793103448276
21,0,1.0,0.0
22,0,0.714285714286,0.285714285714
23,1,0.206896551724,0.793103448276
24,0,0.764705882353,0.235294117647
25,0,1.0,0.0
26,0,0.85,0.15
27,0,0.941176470588,0.0588235294118
28,0,0.533333333333,0.466666666667
29,1,0.206896551724,0.793103448276
30,0,1.0,0.0
31,0,0.636363636364,0.363636363636
32,1,0.0,1.0
33,1,0.206896551724,0.793103448276
34,0,0.846153846154,0.153846153846
35,0,1.0,0.0
36,0,1.0,0.0
37,0,0.941176470588,0.0588235294118
38,0,1.0,0.0
39,0,0.615384615385,0.384615384615
40,1,0.0,1.0
41,0,0.555555555556,0.444444444444
42,1,0.166666666667,0.833333333333
43,0,0.857142857143,0.142857142857
44,1,0.0,1.0
45,1,0.206896551724,0.793103448276
46,0,1.0,0.0
47,0,1.0,0.0
48,1,0.206896551724,0.793103448276
49,0,0.857142857143,0.142857142857
50,1,0.307692307692,0.692307692308
51,0,0.85,0.15
52,0,1.0,0.0
53,1,0.0,1.0
54,1,0.166666666667,0.833333333333
55,0,0.875,0.125
56,0,0.764705882353,0.235294117647
57,1,0.0769230769231,0.923076923077
58,0,0.941176470588,0.0588235294118
59,1,0.0,1.0
60,0,0.85,0.15
61,0,0.692307692308,0.307692307692
62,1,0.0,1.0
63,0,0.533333333333,0.466666666667
64,0,1.0,0.0
65,0,0.7,0.3
66,1,0.307692307692,0.692307692308
67,1,0.0769230769231,0.923076923077
68,0,1.0,0.0
69,1,0.45,0.55
70,0,1.0,0.0
71,0,0.846153846154,0.153846153846
72,0,0.85,0.15
73,0,0.7,0.3
74,0,0.692307692308,0.307692307692
75,0,0.7,0.3
76,0,0.85,0.15
77,0,1.0,0.0
78,0,1.0,0.0
79,1,0.0,1.0
80,0,0.615384615385,0.384615384615
81,0,1.0,0.0
82,0,0.777777777778,0.222222222222
83,1,0.206896551724,0.793103448276
84,0,0.7,0.3
85,1,0.0,1.0
86,0,0.555555555556,0.444444444444
87,0,1.0,0.0
88,0,1.0,0.0
89,1,0.133333333333,0.866666666667
90,0,1.0,0.0
91,0,1.0,0.0
92,0,1.0,0.0
93,0,0.533333333333,0.466666666667
94,0,1.0,0.0
95,0,1.0,0.0
96,0,1.0,0.0
97,0,0.875,0.125
98,1,0.428571428571,0.571428571429
99,1,0.0,1.0
100,0,0.857142857143,0.142857142857
101,1,0.45,0.55
102,0,1.0,0.0
103,0,0.764705882353,0.235294117647
104,0,1.0,0.0
105,0,0.615384615385,0.384615384615
106,0,1.0,0.0
107,1,0.45,0.55
108,0,0.642857142857,0.357142857143
109,0,0.909090909091,0.0909090909091
110,0,0.615384615385,0.384615384615
111,0,0.764705882353,0.235294117647
112,0,0.615384615385,0.384615384615
113,0,1.0,0.0
114,0,0.916666666667,0.0833333333333
115,0,0.615384615385,0.384615384615
116,0,0.615384615385,0.384615384615
117,0,1.0,0.0
118,0,1.0,0.0
119,1,0.428571428571,0.571428571429
120,0,1.0,0.0
121,0,1.0,0.0
122,0,1.0,0.0
123,0,1.0,0.0
124,1,0.0,1.0
125,0,0.875,0.125
126,1,0.0,1.0
127,0,0.909090909091,0.0909090909091
128,0,0.85,0.15
129,1,0.0,1.0
130,0,1.0,0.0
131,0,0.857142857143,0.142857142857
132,0,1.0,0.0
133,0,0.555555555556,0.444444444444
134,1,0.166666666667,0.833333333333
135,0,1.0,0.0
136,0,0.692307692308,0.307692307692
137,1,0.0,1.0
138,0,0.533333333333,0.466666666667
139,0,1.0,0.0
140,1,0.428571428571,0.571428571429
141,0,0.555555555556,0.444444444444
142,1,0.45,0.55
143,1,0.307692307692,0.692307692308
144,0,1.0,0.0
145,0,0.846153846154,0.153846153846
146,0,1.0,0.0
147,0,0.642857142857,0.357142857143
148,0,0.85,0.15
149,0,0.857142857143,0.142857142857
150,0,0.636363636364,0.363636363636
151,0,0.636363636364,0.363636363636
152,1,0.0,1.0
153,0,0.736842105263,0.263157894737
154,0,1.0,0.0
155,0,1.0,0.0
156,0,0.7,0.3
157,1,0.206896551724,0.793103448276
158,0,1.0,0.0
159,0,0.777777777778,0.222222222222
160,0,0.85,0.15
161,0,1.0,0.0
162,1,0.210526315789,0.789473684211
163,0,0.642857142857,0.357142857143
164,0,1.0,0.0
165,0,0.85,0.15
166,1,0.0,1.0
167,1,0.0,1.0
168,0,1.0,0.0
169,0,1.0,0.0
170,0,0.7,0.3
171,0,0.875,0.125
172,0,1.0,0.0
173,1,0.0,1.0
174,0,0.615384615385,0.384615384615
175,0,0.875,0.125
176,0,1.0,0.0
177,0,1.0,0.0
178,1,0.210526315789,0.789473684211
179,0,0.777777777778,0.222222222222
180,0,1.0,0.0
181,0,0.85,0.15
182,0,0.857142857143,0.142857142857
183,0,0.85,0.15
184,1,0.0,1.0
185,0,0.615384615385,0.384615384615
186,0,0.764705882353,0.235294117647
187,0,0.555555555556,0.444444444444
188,1,0.3125,0.6875
189,0,1.0,0.0
190,0,0.909090909091,0.0909090909091
191,1,0.0,1.0
192,0,0.714285714286,0.285714285714
193,1,0.45,0.55
194,1,0.0,1.0
195,1,0.210526315789,0.789473684211
196,1,0.0833333333333,0.916666666667
197,0,0.909090909091,0.0909090909091
198,0,1.0,0.0
199,1,0.206896551724,0.793103448276
200,1,0.0769230769231,0.923076923077
201,0,0.777777777778,0.222222222222
202,0,1.0,0.0
203,0,1.0,0.0
204,0,0.941176470588,0.0588235294118
205,0,0.736842105263,0.263157894737
206,0,0.916666666667,0.0833333333333
207,0,0.857142857143,0.142857142857
208,0,0.692307692308,0.307692307692
209,1,0.206896551724,0.793103448276
210,1,0.428571428571,0.571428571429
211,0,0.85,0.15
212,1,0.0,1.0
213,0,0.85,0.15
214,0,0.777777777778,0.222222222222
215,0,0.642857142857,0.357142857143
216,1,0.0,1.0
217,1,0.45,0.55
218,0,1.0,0.0
219,1,0.0,1.0
220,0,0.777777777778,0.222222222222
221,0,0.736842105263,0.263157894737
222,0,0.777777777778,0.222222222222
223,0,0.736842105263,0.263157894737
224,0,1.0,0.0
225,0,0.533333333333,0.466666666667
226,0,1.0,0.0
227,0,0.846153846154,0.153846153846
228,0,0.85,0.15
229,0,0.714285714286,0.285714285714
230,0,1.0,0.0
231,1,0.0,1.0
232,0,0.642857142857,0.357142857143
233,0,1.0,0.0
234,0,0.85,0.15
235,0,1.0,0.0
236,1,0.45,0.55
237,0,1.0,0.0
238,1,0.0,1.0
239,0,0.846153846154,0.153846153846
240,0,0.846153846154,0.153846153846
241,0,0.615384615385,0.384615384615
242,1,0.0,1.0
243,0,0.777777777778,0.222222222222
244,0,0.85,0.15
245,0,0.941176470588,0.0588235294118
246,0,0.636363636364,0.363636363636
247,1,0.45,0.55
248,1,0.166666666667,0.833333333333
249,0,0.533333333333,0.466666666667
250,0,0.636363636364,0.363636363636
251,0,1.0,0.0
252,1,0.307692307692,0.692307692308
253,1,0.3125,0.6875
254,0,1.0,0.0
255,0,0.555555555556,0.444444444444
256,1,0.307692307692,0.692307692308
257,1,0.0,1.0
258,1,0.0,1.0
259,1,0.0,1.0
260,1,0.210526315789,0.789473684211
261,0,0.909090909091,0.0909090909091
262,0,0.85,0.15
263,0,0.875,0.125
264,0,1.0,0.0
265,1,0.206896551724,0.793103448276
266,0,0.846153846154,0.153846153846
267,0,1.0,0.0
268,0,0.642857142857,0.357142857143
269,1,0.0833333333333,0.916666666667
270,1,0.0,1.0
271,0,0.7,0.3
272,0,0.85,0.15
273,1,0.210526315789,0.789473684211
274,1,0.428571428571,0.571428571429
275,1,0.206896551724,0.793103448276
276,1,0.0833333333333,0.916666666667
277,1,0.45,0.55
278,0,1.0,0.0
279,0,1.0,0.0
280,0,0.555555555556,0.444444444444
281,0,1.0,0.0
282,0,1.0,0.0
283,0,1.0,0.0
284,0,0.736842105263,0.263157894737
285,0,1.0,0.0
286,0,0.857142857143,0.142857142857
287,0,0.777777777778,0.222222222222
288,0,1.0,0.0
289,0,0.714285714286,0.285714285714
290,1,0.206896551724,0.793103448276
291,1,0.0,1.0
292,1,0.0,1.0
293,0,0.857142857143,0.142857142857
294,0,0.916666666667,0.0833333333333
295,0,1.0,0.0
296,0,0.7,0.3
297,0,0.692307692308,0.307692307692
298,1,0.133333333333,0.866666666667
299,0,0.764705882353,0.235294117647
300,1,0.0,1.0
301,1,0.206896551724,0.793103448276
302,0,0.857142857143,0.142857142857
303,0,1.0,0.0
304,1,0.0769230769231,0.923076923077
305,0,1.0,0.0
306,1,0.133333333333,0.866666666667
307,1,0.0,1.0
308,1,0.0,1.0
309,0,0.857142857143,0.142857142857
310,1,0.0,1.0
311,1,0.0,1.0
312,1,0.133333333333,0.866666666667
313,1,0.166666666667,0.833333333333
314,0,1.0,0.0
315,0,0.857142857143,0.142857142857
316,1,0.45,0.55
317,1,0.166666666667,0.833333333333
318,0,0.636363636364,0.363636363636
319,1,0.0,1.0
320,1,0.133333333333,0.866666666667
321,0,0.85,0.15
322,0,1.0,0.0
323,1,0.0769230769231,0.923076923077
324,1,0.0,1.0
325,0,1.0,0.0
326,1,0.0,1.0
327,0,1.0,0.0
328,1,0.0,1.0
329,1,0.0,1.0
330,1,0.0,1.0
331,1,0.0,1.0
332,0,0.764705882353,0.235294117647
333,0,0.764705882353,0.235294117647
334,0,1.0,0.0
335,1,0.0,1.0
336,0,1.0,0.0
337,0,0.533333333333,0.466666666667
338,1,0.133333333333,0.866666666667
339,0,0.736842105263,0.263157894737
340,0,0.764705882353,0.235294117647
341,1,0.0,1.0
342,1,0.133333333333,0.866666666667
343,0,0.777777777778,0.222222222222
344,0,1.0,0.0
345,0,0.714285714286,0.285714285714
346,1,0.0769230769231,0.923076923077
347,1,0.210526315789,0.789473684211
348,0,0.555555555556,0.444444444444
349,1,0.0,1.0
350,0,1.0,0.0
351,0,1.0,0.0
352,0,0.764705882353,0.235294117647
353,0,0.692307692308,0.307692307692
354,0,1.0,0.0
355,0,0.941176470588,0.0588235294118
356,0,0.777777777778,0.222222222222
357,1,0.0,1.0
358,1,0.210526315789,0.789473684211
359,1,0.206896551724,0.793103448276
360,1,0.206896551724,0.793103448276
361,0,1.0,0.0
362,0,1.0,0.0
363,0,0.555555555556,0.444444444444
364,0,1.0,0.0
365,0,0.857142857143,0.142857142857
366,0,0.85,0.15
367,1,0.0833333333333,0.916666666667
368,1,0.206896551724,0.793103448276
369,1,0.206896551724,0.793103448276
370,1,0.0,1.0
371,1,0.428571428571,0.571428571429
372,0,1.0,0.0
373,0,0.736842105263,0.263157894737
374,0,0.7,0.3
375,0,1.0,0.0
376,1,0.0,1.0
377,1,0.45,0.55
378,1,0.428571428571,0.571428571429
379,0,0.692307692308,0.307692307692
380,0,1.0,0.0
381,1,0.133333333333,0.866666666667
382,1,0.0,1.0
383,0,0.615384615385,0.384615384615
384,1,0.0,1.0
385,0,1.0,0.0
386,0,0.7,0.3
387,0,0.85,0.15
388,1,0.0,1.0
389,0,1.0,0.0
390,1,0.0,1.0
391,0,0.533333333333,0.466666666667
392,0,0.642857142857,0.357142857143
393,0,0.615384615385,0.384615384615
394,1,0.0,1.0
395,1,0.0,1.0
396,0,0.642857142857,0.357142857143
397,1,0.45,0.55
398,0,1.0,0.0
399,0,0.636363636364,0.363636363636
400,1,0.0769230769231,0.923076923077
401,0,0.615384615385,0.384615384615
402,0,1.0,0.0
403,0,0.916666666667,0.0833333333333
404,0,0.857142857143,0.142857142857
405,0,0.916666666667,0.0833333333333
406,0,1.0,0.0
407,0,1.0,0.0
408,1,0.0,1.0
409,0,0.642857142857,0.357142857143
410,0,1.0,0.0
411,0,1.0,0.0
412,0,1.0,0.0
413,1,0.0,1.0
414,0,1.0,0.0
415,0,0.615384615385,0.384615384615
416,0,0.555555555556,0.444444444444
417,1,0.0,1.0
418,1,0.0,1.0
419,0,0.777777777778,0.222222222222
420,0,0.615384615385,0.384615384615
421,0,0.857142857143,0.142857142857
422,0,0.85,0.15
423,0,1.0,0.0
424,1,0.307692307692,0.692307692308
425,0,1.0,0.0
426,0,1.0,0.0
427,1,0.166666666667,0.833333333333
428,1,0.0,1.0
429,0,0.909090909091,0.0909090909091
430,0,0.736842105263,0.263157894737
431,1,0.3125,0.6875
432,0,0.555555555556,0.444444444444
433,1,0.210526315789,0.789473684211
434,0,1.0,0.0
435,0,0.875,0.125
436,1,0.0,1.0
437,0,0.85,0.15
438,1,0.166666666667,0.833333333333
439,0,0.875,0.125
440,0,0.846153846154,0.153846153846
441,1,0.210526315789,0.789473684211
442,0,1.0,0.0
443,0,0.642857142857,0.357142857143
444,1,0.0769230769231,0.923076923077
445,0,0.777777777778,0.222222222222
446,1,0.0,1.0
447,1,0.0,1.0
448,1,0.3125,0.6875
449,1,0.0,1.0
450,0,0.636363636364,0.363636363636
451,0,1.0,0.0
452,0,1.0,0.0
453,1,0.428571428571,0.571428571429
454,1,0.428571428571,0.571428571429
455,0,1.0,0.0
456,0,0.857142857143,0.142857142857
457,1,0.3125,0.6875
458,1,0.0,1.0
459,1,0.210526315789,0.789473684211
460,0,0.909090909091,0.0909090909091
461,1,0.3125,0.6875
462,0,0.736842105263,0.263157894737
463,0,0.764705882353,0.235294117647
464,0,0.714285714286,0.285714285714
465,0,1.0,0.0
466,0,1.0,0.0
467,0,1.0,0.0
468,1,0.3125,0.6875
469,0,1.0,0.0
470,1,0.0,1.0
471,0,1.0,0.0
472,0,1.0,0.0
473,1,0.0,1.0
474,1,0.0769230769231,0.923076923077
475,0,0.916666666667,0.0833333333333
476,0,0.764705882353,0.235294117647
477,0,1.0,0.0
478,0,0.85,0.15
479,0,0.85,0.15
480,0,0.615384615385,0.384615384615
481,0,0.85,0.15
482,0,1.0,0.0
483,0,0.736842105263,0.263157894737
484,0,0.555555555556,0.444444444444
485,1,0.428571428571,0.571428571429
486,0,1.0,0.0
487,1,0.0,1.0
488,0,0.875,0.125
489,0,1.0,0.0
490,1,0.0,1.0
491,0,1.0,0.0
492,0,0.85,0.15
493,0,0.875,0.125
494,0,0.7,0.3
495,0,1.0,0.0
496,0,0.857142857143,0.142857142857
497,1,0.0833333333333,0.916666666667
498,0,1.0,0.0
499,1,0.133333333333,0.866666666667
500,0,0.642857142857,0.357142857143
501,0,1.0,0.0
502,1,0.206896551724,0.793103448276
503,1,0.206896551724,0.793103448276
504,0,0.916666666667,0.0833333333333
505,1,0.0,1.0
506,1,0.428571428571,0.571428571429
507,1,0.0,1.0
508,1,0.3125,0.6875
509,0,1.0,0.0
510,0,0.7,0.3
511,0,0.642857142857,0.357142857143
512,0,1.0,0.0
513,1,0.3125,0.6875
514,1,0.0833333333333,0.916666666667
515,0,0.85,0.15
516,0,0.764705882353,0.235294117647
517,1,0.0,1.0
518,0,0.857142857143,0.142857142857
519,1,0.0,1.0
520,0,0.909090909091,0.0909090909091
521,1,0.0,1.0
522,0,1.0,0.0
523,0,0.941176470588,0.0588235294118
524,1,0.0,1.0
525,0,0.941176470588,0.0588235294118
526,0,0.909090909091,0.0909090909091
527,1,0.210526315789,0.789473684211
528,0,0.764705882353,0.235294117647
529,0,0.615384615385,0.384615384615
530,0,1.0,0.0
531,1,0.0,1.0
532,0,0.941176470588,0.0588235294118
533,0,0.692307692308,0.307692307692
534,1,0.0,1.0
535,0,0.916666666667,0.0833333333333
536,1,0.0,1.0
537,0,0.636363636364,0.363636363636
538,1,0.0,1.0
539,0,1.0,0.0
540,1,0.0,1.0
541,1,0.0,1.0
542,0,1.0,0.0
543,0,1.0,0.0
544,0,0.857142857143,0.142857142857
545,0,0.875,0.125
546,0,1.0,0.0
547,1,0.0,1.0
548,0,0.857142857143,0.142857142857
549,0,0.857142857143,0.142857142857
550,1,0.0,1.0
551,1,0.428571428571,0.571428571429
552,0,1.0,0.0
553,0,1.0,0.0
554,0,0.692307692308,0.307692307692
555,1,0.45,0.55
556,1,0.3125,0.6875
557,0,0.636363636364,0.363636363636
558,0,0.7,0.3
559,1,0.0,1.0
560,0,0.555555555556,0.444444444444
561,0,0.909090909091,0.0909090909091
562,0,0.909090909091,0.0909090909091
563,0,1.0,0.0
564,0,1.0,0.0
565,0,0.916666666667,0.0833333333333
566,0,1.0,0.0
567,0,1.0,0.0
568,0,1.0,0.0
569,0,0.941176470588,0.0588235294118
570,0,0.909090909091,0.0909090909091
571,0,0.846153846154,0.153846153846
572,1,0.0833333333333,0.916666666667
573,1,0.3125,0.6875
574,1,0.206896551724,0.793103448276
575,0,0.736842105263,0.263157894737
576,0,1.0,0.0
577,1,0.0,1.0
578,1,0.0,1.0
579,0,0.555555555556,0.444444444444
580,0,0.615384615385,0.384615384615
581,1,0.0,1.0
582,1,0.0,1.0
583,0,1.0,0.0
584,1,0.428571428571,0.571428571429
585,0,0.857142857143,0.142857142857
586,1,0.0,1.0
587,0,1.0,0.0
588,0,0.875,0.125
589,0,1.0,0.0
590,0,1.0,0.0
591,0,1.0,0.0
592,1,0.0833333333333,0.916666666667
593,0,1.0,0.0
594,1,0.206896551724,0.793103448276
595,0,1.0,0.0
596,0,1.0,0.0
597,1,0.0,1.0
598,0,1.0,0.0
599,0,0.941176470588,0.0588235294118
600,0,0.636363636364,0.363636363636
601,1,0.166666666667,0.833333333333
602,0,1.0,0.0
603,0,0.7,0.3
604,0,0.736842105263,0.263157894737
605,1,0.3125,0.6875
606,0,1.0,0.0
607,0,1.0,0.0
608,0,0.7,0.3
609,1,0.0,1.0
610,1,0.0,1.0
611,0,1.0,0.0
612,0,1.0,0.0
613,1,0.0,1.0
614,0,0.909090909091,0.0909090909091
615,0,0.736842105263,0.263157894737
616,1,0.133333333333,0.866666666667
617,0,1.0,0.0
618,1,0.307692307692,0.692307692308
619,1,0.0,1.0
620,0,1.0,0.0
621,0,0.857142857143,0.142857142857
622,0,0.533333333333,0.466666666667
623,0,0.692307692308,0.307692307692
624,0,1.0,0.0
625,0,1.0,0.0
626,0,0.875,0.125
627,0,0.636363636364,0.363636363636
628,1,0.0,1.0
629,0,1.0,0.0
630,0,1.0,0.0
631,0,0.875,0.125
632,0,1.0,0.0
633,0,0.636363636364,0.363636363636
634,0,1.0,0.0
635,0,1.0,0.0
636,1,0.0769230769231,0.923076923077
637,0,0.615384615385,0.384615384615
638,0,0.857142857143,0.142857142857
639,0,0.85,0.15
640,0,0.857142857143,0.142857142857
641,0,1.0,0.0
642,1,0.0,1.0
643,0,1.0,0.0
644,0,0.7,0.3
645,1,0.0,1.0
646,1,0.428571428571,0.571428571429
647,0,1.0,0.0
648,0,0.636363636364,0.363636363636
649,0,1.0,0.0
650,1,0.45,0.55
651,0,1.0,0.0
652,1,0.0,1.0
653,0,1.0,0.0
654,1,0.206896551724,0.793103448276
655,1,0.206896551724,0.793103448276
656,0,1.0,0.0
657,0,1.0,0.0
658,0,0.555555555556,0.444444444444
659,0,1.0,0.0
660,0,0.875,0.125
661,0,0.636363636364,0.363636363636
662,0,0.941176470588,0.0588235294118
663,0,1.0,0.0
664,0,1.0,0.0
665,0,0.615384615385,0.384615384615
666,0,1.0,0.0
667,0,1.0,0.0
668,0,0.642857142857,0.357142857143
669,0,0.736842105263,0.263157894737
670,1,0.0,1.0
671,1,0.0,1.0
672,0,0.533333333333,0.466666666667
673,0,0.846153846154,0.153846153846
674,0,0.714285714286,0.285714285714
675,0,1.0,0.0
676,0,1.0,0.0
677,0,1.0,0.0
678,0,0.916666666667,0.0833333333333
679,0,0.85,0.15
680,1,0.428571428571,0.571428571429
681,0,0.916666666667,0.0833333333333
682,1,0.428571428571,0.571428571429
683,0,1.0,0.0
684,0,1.0,0.0
685,0,1.0,0.0
686,0,1.0,0.0
687,0,1.0,0.0
688,0,1.0,0.0
689,0,1.0,0.0
690,1,0.0,1.0
691,0,0.533333333333,0.466666666667
692,0,0.615384615385,0.384615384615
693,0,0.7,0.3
694,0,0.692307692308,0.307692307692
695,0,0.636363636364,0.363636363636
696,0,1.0,0.0
697,0,0.736842105263,0.263157894737
698,1,0.206896551724,0.793103448276
699,1,0.428571428571,0.571428571429
700,0,1.0,0.0
701,1,0.133333333333,0.866666666667
702,1,0.3125,0.6875
703,0,0.615384615385,0.384615384615
704,0,0.85,0.15
705,0,1.0,0.0
706,0,0.857142857143,0.142857142857
707,1,0.210526315789,0.789473684211
708,1,0.3125,0.6875
709,1,0.133333333333,0.866666666667
710,1,0.0,1.0
711,1,0.0,1.0
712,1,0.3125,0.6875
713,0,0.533333333333,0.466666666667
714,0,0.777777777778,0.222222222222
715,0,0.714285714286,0.285714285714
716,0,1.0,0.0
717,1,0.133333333333,0.866666666667
718,1,0.0769230769231,0.923076923077
719,0,1.0,0.0
720,0,0.909090909091,0.0909090909091
721,1,0.0,1.0
722,0,1.0,0.0
723,0,0.714285714286,0.285714285714
724,0,0.714285714286,0.285714285714
725,0,0.533333333333,0.466666666667
726,0,1.0,0.0
727,1,0.166666666667,0.833333333333
728,1,0.206896551724,0.793103448276
729,0,1.0,0.0
730,1,0.45,0.55
731,1,0.0,1.0
732,0,0.692307692308,0.307692307692
733,0,1.0,0.0
734,0,1.0,0.0
735,0,1.0,0.0
736,0,1.0,0.0
737,0,0.85,0.15
738,1,0.428571428571,0.571428571429
739,0,1.0,0.0
740,0,1.0,0.0
741,0,0.764705882353,0.235294117647
742,0,0.533333333333,0.466666666667
743,1,0.133333333333,0.866666666667
744,0,1.0,0.0
745,0,0.615384615385,0.384615384615
746,1,0.0833333333333,0.916666666667
747,0,0.857142857143,0.142857142857
748,1,0.0769230769231,0.923076923077
749,0,0.533333333333,0.466666666667
750,0,0.909090909091,0.0909090909091
751,1,0.0,1.0
752,1,0.307692307692,0.692307692308
753,0,1.0,0.0
754,0,1.0,0.0
755,1,0.133333333333,0.866666666667
756,1,0.0,1.0
757,0,0.642857142857,0.357142857143
758,0,0.846153846154,0.153846153846
759,0,0.736842105263,0.263157894737
760,0,0.636363636364,0.363636363636
761,0,1.0,0.0
762,0,1.0,0.0
763,0,0.692307692308,0.307692307692
764,1,0.0,1.0
765,0,1.0,0.0
766,1,0.0,1.0
767,0,0.636363636364,0.363636363636
768,1,0.206896551724,0.793103448276
769,0,1.0,0.0
770,0,1.0,0.0
771,0,1.0,0.0
772,0,0.909090909091,0.0909090909091
773,1,0.210526315789,0.789473684211
774,0,0.941176470588,0.0588235294118
775,1,0.210526315789,0.789473684211
776,0,1.0,0.0
777,0,0.909090909091,0.0909090909091
778,1,0.0,1.0
779,0,1.0,0.0
780,1,0.0,1.0
781,1,0.206896551724,0.793103448276
782,1,0.0,1.0
783,0,0.764705882353,0.235294117647
784,0,1.0,0.0
785,0,0.85,0.15
786,0,0.85,0.15
787,1,0.45,0.55
788,0,1.0,0.0
789,1,0.307692307692,0.692307692308
790,1,0.428571428571,0.571428571429
791,0,0.909090909091,0.0909090909091
792,0,1.0,0.0
793,0,0.85,0.15
794,0,0.7,0.3
795,0,1.0,0.0
796,0,0.714285714286,0.285714285714
797,0,0.636363636364,0.363636363636
798,0,0.555555555556,0.444444444444
799,0,0.941176470588,0.0588235294118
800,0,0.555555555556,0.444444444444
801,0,0.714285714286,0.285714285714
802,1,0.0,1.0
803,1,0.0,1.0
804,1,0.307692307692,0.692307692308
805,0,0.85,0.15
806,0,0.909090909091,0.0909090909091
807,0,1.0,0.0
808,1,0.45,0.55
809,0,0.714285714286,0.285714285714
810,1,0.0,1.0
811,0,1.0,0.0
812,0,1.0,0.0
813,0,0.846153846154,0.153846153846
814,0,1.0,0.0
815,0,0.736842105263,0.263157894737
816,0,1.0,0.0
817,1,0.45,0.55
818,0,1.0,0.0
819,0,1.0,0.0
820,0,1.0,0.0
821,1,0.0833333333333,0.916666666667
822,0,0.777777777778,0.222222222222
823,0,0.636363636364,0.363636363636
824,1,0.307692307692,0.692307692308
825,0,0.85,0.15
826,0,1.0,0.0
827,0,0.7,0.3
828,1,0.0,1.0
829,0,0.909090909091,0.0909090909091
830,1,0.0833333333333,0.916666666667
831,1,0.307692307692,0.692307692308
832,1,0.0,1.0
833,0,0.941176470588,0.0588235294118
834,0,1.0,0.0
835,0,1.0,0.0
836,1,0.0,1.0
837,0,1.0,0.0
838,0,1.0,0.0
839,0,0.7,0.3
840,1,0.428571428571,0.571428571429
841,0,0.615384615385,0.384615384615
842,0,0.846153846154,0.153846153846
843,1,0.0,1.0
844,0,0.941176470588,0.0588235294118
845,0,1.0,0.0
846,0,1.0,0.0
847,0,1.0,0.0
848,0,0.857142857143,0.142857142857
849,0,0.636363636364,0.363636363636
850,1,0.0,1.0
851,0,1.0,0.0
852,0,1.0,0.0
853,0,0.615384615385,0.384615384615
854,1,0.0,1.0
855,1,0.210526315789,0.789473684211
856,1,0.307692307692,0.692307692308
857,1,0.0,1.0
858,1,0.3125,0.6875
859,1,0.0,1.0
860,0,0.941176470588,0.0588235294118
861,0,1.0,0.0
862,0,1.0,0.0
863,1,0.210526315789,0.789473684211
864,0,0.85,0.15
865,0,1.0,0.0
866,1,0.210526315789,0.789473684211
867,1,0.0769230769231,0.923076923077
868,0,0.764705882353,0.235294117647
869,0,0.777777777778,0.222222222222
870,1,0.0,1.0
871,0,1.0,0.0
872,1,0.0,1.0
873,0,1.0,0.0
874,0,1.0,0.0
875,1,0.166666666667,0.833333333333
876,1,0.206896551724,0.793103448276
877,0,1.0,0.0
878,0,1.0,0.0
879,0,1.0,0.0
880,1,0.0833333333333,0.916666666667
881,1,0.166666666667,0.833333333333
882,0,0.909090909091,0.0909090909091
883,0,0.916666666667,0.0833333333333
884,0,0.777777777778,0.222222222222
885,0,0.85,0.15
886,0,1.0,0.0
887,0,0.636363636364,0.363636363636
888,1,0.0,1.0
889,0,0.615384615385,0.384615384615
890,1,0.428571428571,0.571428571429
891,0,0.909090909091,0.0909090909091
892,0,0.909090909091,0.0909090909091
893,1,0.45,0.55
894,0,0.846153846154,0.153846153846
895,0,0.777777777778,0.222222222222
896,1,0.0,1.0
897,0,1.0,0.0
898,1,0.206896551724,0.793103448276
899,0,1.0,0.0
900,1,0.206896551724,0.793103448276
901,0,1.0,0.0
902,0,1.0,0.0
903,0,1.0,0.0
904,1,0.0,1.0
905,0,1.0,0.0
906,1,0.0,1.0
907,1,0.166666666667,0.833333333333
908,0,0.846153846154,0.153846153846
909,0,0.692307692308,0.307692307692
910,1,0.45,0.55
911,1,0.206896551724,0.793103448276
912,0,1.0,0.0
913,1,0.45,0.55
914,1,0.0,1.0
915,0,0.7,0.3
916,1,0.133333333333,0.866666666667
917,0,1.0,0.0
918,1,0.0,1.0
919,0,0.692307692308,0.307692307692
920,0,0.764705882353,0.235294117647
921,0,0.857142857143,0.142857142857
922,0,0.857142857143,0.142857142857
923,0,1.0,0.0
924,0,0.555555555556,0.444444444444
925,0,0.555555555556,0.444444444444
926,1,0.428571428571,0.571428571429
927,0,0.692307692308,0.307692307692
928,0,0.916666666667,0.0833333333333
929,0,0.916666666667,0.0833333333333
930,0,1.0,0.0
931,0,0.7,0.3
932,0,0.857142857143,0.142857142857
933,1,0.3125,0.6875
934,0,0.909090909091,0.0909090909091
935,1,0.0769230769231,0.923076923077
936,1,0.0,1.0
937,0,0.615384615385,0.384615384615
938,1,0.428571428571,0.571428571429
939,0,0.909090909091,0.0909090909091
940,1,0.0833333333333,0.916666666667
941,1,0.0,1.0
942,0,0.533333333333,0.466666666667
943,0,0.857142857143,0.142857142857
944,1,0.0,1.0
945,1,0.133333333333,0.866666666667
946,0,0.857142857143,0.142857142857
947,0,1.0,0.0
948,0,0.909090909091,0.0909090909091
949,0,0.85,0.15
950,0,0.857142857143,0.142857142857
951,1,0.133333333333,0.866666666667
952,0,1.0,0.0
953,0,1.0,0.0
954,0,1.0,0.0
955,1,0.206896551724,0.793103448276
956,1,0.133333333333,0.866666666667
957,1,0.0,1.0
958,1,0.206896551724,0.793103448276
959,0,0.7,0.3
960,1,0.428571428571,0.571428571429
961,1,0.133333333333,0.866666666667
962,1,0.206896551724,0.793103448276
963,0,1.0,0.0
964,1,0.45,0.55
965,1,0.428571428571,0.571428571429
966,1,0.133333333333,0.866666666667
967,1,0.428571428571,0.571428571429
968,0,1.0,0.0
969,1,0.210526315789,0.789473684211
970,0,0.777777777778,0.222222222222
971,1,0.206896551724,0.793103448276
972,1,0.307692307692,0.692307692308
973,0,0.875,0.125
974,0,1.0,0.0
975,0,1.0,0.0
976,0,0.846153846154,0.153846153846
977,0,0.857142857143,0.142857142857
978,1,0.206896551724,0.793103448276
979,0,0.916666666667,0.0833333333333
980,1,0.206896551724,0.793103448276
981,1,0.0,1.0
982,1,0.307692307692,0.692307692308
983,0,0.642857142857,0.357142857143
984,1,0.0,1.0
985,0,1.0,0.0
986,0,0.692307692308,0.307692307692
987,0,0.642857142857,0.357142857143
988,1,0.0833333333333,0.916666666667
989,0,0.615384615385,0.384615384615
990,1,0.45,0.55
991,0,0.736842105263,0.263157894737
992,1,0.0,1.0
993,0,0.857142857143,0.142857142857
994,0,0.909090909091,0.0909090909091
995,0,0.642857142857,0.357142857143
996,1,0.307692307692,0.692307692308
997,0,1.0,0.0
998,0,1.0,0.0
999,0,0.909090909091,0.0909090909091
1000,0,0.777777777778,0.222222222222
1001,0,0.714285714286,0.285714285714
1002,0,0.857142857143,0.142857142857
1003,1,0.206896551724,0.793103448276
1004,1,0.0,1.0
1005,1,0.206896551724,0.793103448276
1006,1,0.0833333333333,0.916666666667
1007,0,0.692307692308,0.307692307692
1008,0,0.941176470588,0.0588235294118
1009,1,0.0,1.0
1010,1,0.428571428571,0.571428571429
1011,1,0.166666666667,0.833333333333
1012,1,0.0,1.0
1013,0,0.642857142857,0.357142857143
1014,1,0.0,1.0
1015,0,0.85,0.15
1016,0,0.909090909091,0.0909090909091
1017,0,0.615384615385,0.384615384615
1018,0,0.642857142857,0.357142857143
1019,1,0.0,1.0
1020,0,0.714285714286,0.285714285714
1021,0,1.0,0.0
1022,0,0.736842105263,0.263157894737
1023,0,0.636363636364,0.363636363636
1024,0,1.0,0.0
1025,0,0.941176470588,0.0588235294118
1026,0,0.909090909091,0.0909090909091
1027,0,1.0,0.0
1028,0,0.941176470588,0.0588235294118
1029,0,1.0,0.0
1030,0,0.916666666667,0.0833333333333
1031,0,1.0,0.0
1032,0,0.85,0.15
1033,1,0.133333333333,0.866666666667
1034,0,0.875,0.125
1035,0,1.0,0.0
1036,1,0.3125,0.6875
1037,0,1.0,0.0
1038,0,0.764705882353,0.235294117647
1039,0,1.0,0.0
1040,1,0.3125,0.6875
1041,0,0.636363636364,0.363636363636
1042,1,0.0,1.0
1043,0,0.857142857143,0.142857142857
1044,0,0.7,0.3
1045,0,0.555555555556,0.444444444444
1046,0,0.85,0.15
1047,0,0.85,0.15
1048,1,0.0,1.0
1049,1,0.45,0.55
1050,1,0.3125,0.6875
1051,1,0.307692307692,0.692307692308
1052,1,0.206896551724,0.793103448276
1053,1,0.0,1.0
1054,1,0.0769230769231,0.923076923077
1055,0,1.0,0.0
1056,0,0.636363636364,0.363636363636
1057,1,0.0,1.0
1058,1,0.428571428571,0.571428571429
1059,0,1.0,0.0
1060,1,0.210526315789,0.789473684211
1061,0,0.916666666667,0.0833333333333
1062,0,1.0,0.0
1063,0,0.941176470588,0.0588235294118
1064,0,1.0,0.0
1065,0,0.941176470588,0.0588235294118
1066,0,1.0,0.0
1067,1,0.0,1.0
1068,1,0.0,1.0
1069,0,0.875,0.125
1070,1,0.0,1.0
1071,1,0.0833333333333,0.916666666667
1072,0,0.777777777778,0.222222222222
1073,1,0.428571428571,0.571428571429
1074,1,0.0,1.0
1075,0,0.909090909091,0.0909090909091
1076,1,0.0,1.0
1077,0,1.0,0.0
1078,1,0.166666666667,0.833333333333
1079,0,0.736842105263,0.263157894737
1080,0,0.85,0.15
1081,0,0.714285714286,0.285714285714
1082,0,0.857142857143,0.142857142857
1083,0,1.0,0.0
1084,1,0.307692307692,0.692307692308
1085,0,0.846153846154,0.153846153846
1086,1,0.0,1.0
1087,0,0.909090909091,0.0909090909091
1088,1,0.133333333333,0.866666666667
1089,1,0.45,0.55
1090,0,1.0,0.0
1091,0,0.555555555556,0.444444444444
1092,0,0.615384615385,0.384615384615
1093,1,0.307692307692,0.692307692308
1094,0,0.636363636364,0.363636363636
1095,1,0.0,1.0
1096,0,1.0,0.0
1097,0,0.857142857143,0.142857142857
1098,1,0.206896551724,0.793103448276
1099,0,1.0,0.0
1100,1,0.0,1.0
1101,0,1.0,0.0
1102,0,1.0,0.0
1103,0,1.0,0.0
1104,0,0.7,0.3
1105,1,0.210526315789,0.789473684211
1106,1,0.45,0.55
1107,0,0.764705882353,0.235294117647
1108,1,0.206896551724,0.793103448276
1109,0,1.0,0.0
1110,1,0.133333333333,0.866666666667
1111,0,1.0,0.0
1112,1,0.0769230769231,0.923076923077
1113,0,1.0,0.0
1114,1,0.0769230769231,0.923076923077
1115,0,0.642857142857,0.357142857143
1116,1,0.210526315789,0.789473684211
1117,1,0.0,1.0
1118,0,0.642857142857,0.357142857143
1119,1,0.206896551724,0.793103448276
1120,0,1.0,0.0
1121,0,0.714285714286,0.285714285714
1122,0,0.7,0.3
1123,1,0.0769230769231,0.923076923077
1124,0,0.85,0.15
1125,0,1.0,0.0
1126,1,0.428571428571,0.571428571429
1127,0,1.0,0.0
1128,0,0.875,0.125
1129,0,0.692307692308,0.307692307692
1130,1,0.0,1.0
1131,1,0.0,1.0
1132,1,0.210526315789,0.789473684211
1133,1,0.0,1.0
1134,1,0.428571428571,0.571428571429
1135,0,1.0,0.0
1136,1,0.307692307692,0.692307692308
1137,0,0.533333333333,0.466666666667
1138,1,0.166666666667,0.833333333333
1139,0,1.0,0.0
1140,1,0.166666666667,0.833333333333
1141,0,0.555555555556,0.444444444444
1142,1,0.0,1.0
1143,0,0.615384615385,0.384615384615
1144,1,0.428571428571,0.571428571429
1145,0,1.0,0.0
1146,0,1.0,0.0
1147,0,1.0,0.0
1148,0,0.909090909091,0.0909090909091
1149,0,1.0,0.0
1150,1,0.0,1.0
1151,0,0.642857142857,0.357142857143
1152,0,0.857142857143,0.142857142857
1153,0,1.0,0.0
1154,1,0.166666666667,0.833333333333
1155,0,0.615384615385,0.384615384615
1156,0,0.857142857143,0.142857142857
1157,0,1.0,0.0
1158,0,1.0,0.0
1159,0,1.0,0.0
1160,0,0.916666666667,0.0833333333333
1161,0,1.0,0.0
1162,1,0.428571428571,0.571428571429
1163,0,0.909090909091,0.0909090909091
1164,1,0.0,1.0
1165,0,0.615384615385,0.384615384615
1166,0,0.941176470588,0.0588235294118
1167,1,0.0,1.0
1168,0,0.777777777778,0.222222222222
1169,0,0.857142857143,0.142857142857
1170,0,1.0,0.0
1171,0,1.0,0.0
1172,0,0.916666666667,0.0833333333333
1173,1,0.307692307692,0.692307692308
1174,1,0.206896551724,0.793103448276
1175,1,0.0,1.0
1176,0,0.615384615385,0.384615384615
1177,0,1.0,0.0
1178,0,1.0,0.0
1179,0,0.533333333333,0.466666666667
1180,0,0.941176470588,0.0588235294118
1181,0,1.0,0.0
1182,0,0.7,0.3
1183,1,0.206896551724,0.793103448276
1184,0,0.941176470588,0.0588235294118
1185,0,0.636363636364,0.363636363636
1186,0,1.0,0.0
1187,0,1.0,0.0
1188,1,0.0,1.0
1189,0,0.857142857143,0.142857142857
1190,0,0.7,0.3
1191,0,1.0,0.0
1192,0,0.909090909091,0.0909090909091
1193,0,0.857142857143,0.142857142857
1194,0,1.0,0.0
1195,0,1.0,0.0
1196,1,0.206896551724,0.793103448276
1197,1,0.210526315789,0.789473684211
1198,0,0.533333333333,0.466666666667
1199,1,0.307692307692,0.692307692308
1200,0,0.875,0.125
1201,0,0.555555555556,0.444444444444
1202,0,1.0,0.0
1203,0,0.692307692308,0.307692307692
1204,0,1.0,0.0
1205,1,0.206896551724,0.793103448276
1206,1,0.0833333333333,0.916666666667
1207,1,0.206896551724,0.793103448276
1208,0,0.875,0.125
1209,0,0.846153846154,0.153846153846
1210,0,1.0,0.0
1211,0,1.0,0.0
1212,0,0.642857142857,0.357142857143
1213,0,0.692307692308,0.307692307692
1214,0,1.0,0.0
1215,1,0.3125,0.6875
1216,1,0.0,1.0
1217,0,0.85,0.15
1218,1,0.0,1.0
1219,0,0.7,0.3
1220,0,0.857142857143,0.142857142857
1221,0,1.0,0.0
1222,1,0.0,1.0
1223,1,0.428571428571,0.571428571429
1224,0,0.941176470588,0.0588235294118
1225,1,0.0,1.0
1226,0,1.0,0.0
1227,0,1.0,0.0
1228,0,0.714285714286,0.285714285714
1229,0,0.941176470588,0.0588235294118
1230,0,0.7,0.3
1231,1,0.206896551724,0.793103448276
1232,0,0.846153846154,0.153846153846
1233,0,1.0,0.0
1234,0,1.0,0.0
1235,1,0.0833333333333,0.916666666667
1236,1,0.307692307692,0.692307692308
1237,1,0.45,0.55
1238,0,1.0,0.0
1239,1,0.206896551724,0.793103448276
1240,0,1.0,0.0
1241,1,0.0,1.0
1242,1,0.0,1.0
1243,0,1.0,0.0
1244,0,0.7,0.3
1245,0,1.0,0.0
1246,0,0.615384615385,0.384615384615
1247,0,1.0,0.0
1248,1,0.0833333333333,0.916666666667
1249,0,1.0,0.0
1250,0,0.909090909091,0.0909090909091
1251,0,0.555555555556,0.444444444444
1252,0,0.85,0.15
1253,1,0.0,1.0
1254,1,0.0,1.0
1255,0,0.777777777778,0.222222222222
1256,1,0.0,1.0
1257,0,0.85,0.15
1258,0,0.857142857143,0.142857142857
1259,0,0.85,0.15
1260,1,0.0,1.0
1261,0,0.857142857143,0.142857142857
1262,0,1.0,0.0
1263,1,0.133333333333,0.866666666667
1264,0,1.0,0.0
1265,0,0.714285714286,0.285714285714
1266,1,0.0833333333333,0.916666666667
1267,1,0.133333333333,0.866666666667
1268,0,0.916666666667,0.0833333333333
1269,0,1.0,0.0
1270,0,0.875,0.125
1271,0,0.85,0.15
1272,0,0.909090909091,0.0909090909091
1273,0,1.0,0.0
1274,0,0.555555555556,0.444444444444
1275,1,0.307692307692,0.692307692308
1276,0,0.714285714286,0.285714285714
1277,1,0.133333333333,0.866666666667
1278,0,0.642857142857,0.357142857143
1279,0,0.714285714286,0.285714285714
1280,0,0.642857142857,0.357142857143
1281,0,1.0,0.0
1282,0,0.764705882353,0.235294117647
1283,1,0.0,1.0
1284,1,0.0,1.0
1285,0,0.846153846154,0.153846153846
1286,0,0.857142857143,0.142857142857
1287,1,0.0,1.0
1288,0,0.85,0.15
1289,1,0.0,1.0
1290,0,0.642857142857,0.357142857143
1291,0,1.0,0.0
1292,1,0.0,1.0
1293,0,1.0,0.0
1294,1,0.0,1.0
1295,0,0.7,0.3
1296,1,0.428571428571,0.571428571429
1297,0,0.692307692308,0.307692307692
1298,0,1.0,0.0
1299,0,0.875,0.125
1300,1,0.206896551724,0.793103448276
1301,0,0.615384615385,0.384615384615
1302,1,0.206896551724,0.793103448276
1303,1,0.0,1.0
1304,1,0.45,0.55
1305,0,1.0,0.0
1306,0,0.636363636364,0.363636363636
1307,0,1.0,0.0
1308,0,1.0,0.0
1309,1,0.0,1.0
